-- MySQL dump 10.13  Distrib 5.5.37, for debian-linux-gnu (x86_64)
--
-- Host: localhost    Database: awooga
-- ------------------------------------------------------
-- Server version	5.5.37-0ubuntu0.13.10.1

/*!40101 SET @OLD_CHARACTER_SET_CLIENT=@@CHARACTER_SET_CLIENT */;
/*!40101 SET @OLD_CHARACTER_SET_RESULTS=@@CHARACTER_SET_RESULTS */;
/*!40101 SET @OLD_COLLATION_CONNECTION=@@COLLATION_CONNECTION */;
/*!40101 SET NAMES utf8 */;
/*!40103 SET @OLD_TIME_ZONE=@@TIME_ZONE */;
/*!40103 SET TIME_ZONE='+00:00' */;
/*!40014 SET @OLD_UNIQUE_CHECKS=@@UNIQUE_CHECKS, UNIQUE_CHECKS=0 */;
/*!40014 SET @OLD_FOREIGN_KEY_CHECKS=@@FOREIGN_KEY_CHECKS, FOREIGN_KEY_CHECKS=0 */;
/*!40101 SET @OLD_SQL_MODE=@@SQL_MODE, SQL_MODE='NO_AUTO_VALUE_ON_ZERO' */;
/*!40111 SET @OLD_SQL_NOTES=@@SQL_NOTES, SQL_NOTES=0 */;

--
-- Dumping data for table `report`
--

LOCK TABLES `report` WRITE;
/*!40000 ALTER TABLE `report` DISABLE KEYS */;
INSERT INTO `report` (`id`, `repository_id`, `title`, `description`, `description_html`, `author_notified_at`, `is_enabled`) VALUES (1,1,'How to Display MySQL Table Data Tutorial','A number of security flaws, and so many syntax issues it wouldn\'t work at all. The author [has promised to fix it](https://twitter.com/ilovephp/status/523945131800817664).','<p>A number of security flaws, and so many syntax issues it wouldn\'t work at all. The author <a href=\"https://twitter.com/ilovephp/status/523945131800817664\">has promised to fix it</a>.</p>\n','2014-10-19',1),(2,1,'Create secure login script in PHP','Tweeted to author [about library and parameterisation](https://twitter.com/ilovephp/status/523163293041840129), and [about hashing](https://twitter.com/ilovephp/status/523163435878854656), but received no response.','<p>Tweeted to author <a href=\"https://twitter.com/ilovephp/status/523163293041840129\">about library and parameterisation</a>, and <a href=\"https://twitter.com/ilovephp/status/523163435878854656\">about hashing</a>, but received no response.</p>\n','2014-10-17',1),(3,1,'Implement MySQL-based transactions with a new set of PHP extensions','Uses modern MySQLi library, but no parameterisation - vulnerable to SQL injections. [Tweeted to publisher](https://twitter.com/ilovephp/status/528134535439872000) to no avail.','<p>Uses modern MySQLi library, but no parameterisation - vulnerable to SQL injections. <a href=\"https://twitter.com/ilovephp/status/528134535439872000\">Tweeted to publisher</a> to no avail.</p>\n','2014-10-31',1),(4,1,'Tutorial Make a Simple Website E-Commerce with PHP MySql and Bootstrap','The problem here is the [zipfile](https://www.dropbox.com/s/lt4ng1pm5vyb3y0/shop.zip), which contains SQL injection flaws. I\'ve [let the author know](https://twitter.com/ilovephp/status/523919390983868416), to no avail.','<p>The problem here is the <a href=\"https://www.dropbox.com/s/lt4ng1pm5vyb3y0/shop.zip\">zipfile</a>, which contains SQL injection flaws. I\'ve <a href=\"https://twitter.com/ilovephp/status/523919390983868416\">let the author know</a>, to no avail.</p>\n','2014-10-18',1),(5,1,'Youtube like rating script jquery php','It\'s worth disabling JavaScript for this site - the whole page uses JavaScript to redirect to an advertiser\'s site. PHP code features variable as well as SQL injection. Have [contacted the author](https://twitter.com/ilovephp/status/525794166803292160), and [the author has undertaken to fix it](https://twitter.com/amitspatil/status/540083644753129473).','<p>It\'s worth disabling JavaScript for this site - the whole page uses JavaScript to redirect to an advertiser\'s site. PHP code features variable as well as SQL injection. Have <a href=\"https://twitter.com/ilovephp/status/525794166803292160\">contacted the author</a>, and <a href=\"https://twitter.com/amitspatil/status/540083644753129473\">the author has undertaken to fix it</a>.</p>\n','2014-10-24',1),(6,1,'Creating a Login System in PHP (Tutorial)','[Tweeted to author](https://twitter.com/ilovephp/status/522789868301479937), received no response.','<p><a href=\"https://twitter.com/ilovephp/status/522789868301479937\">Tweeted to author</a>, received no response.</p>\n','2014-10-31',1),(7,1,'Develop a Complete Android Login Registration System with PHP, MySQL','The usual SQL injection flaws in this one, the [author has been notified](https://twitter.com/ilovephp/status/524685931404881920). Also, the password hashing isn\'t strong enough. Looks like the login can be bypassed by changing the target user\'s password','<p>The usual SQL injection flaws in this one, the <a href=\"https://twitter.com/ilovephp/status/524685931404881920\">author has been notified</a>. Also, the password hashing isn\'t strong enough. Looks like the login can be bypassed by changing the target user\'s password</p>\n','2014-10-21',1),(8,1,'PHP and MySQL Tutorial','A variety of issues with the chapters here. Some seem to be proofed against SQL injection, but nevertheless need parameterisation, others (e.g. Deleting Data from MySQL Database, Updating Data into MySQL Database) contain straightforward SQL injection vulns. Have [tweeted to author](https://twitter.com/ilovephp/status/523546917335478272), recceived no reply.','<p>A variety of issues with the chapters here. Some seem to be proofed against SQL injection, but nevertheless need parameterisation, others (e.g. Deleting Data from MySQL Database, Updating Data into MySQL Database) contain straightforward SQL injection vulns. Have <a href=\"https://twitter.com/ilovephp/status/523546917335478272\">tweeted to author</a>, recceived no reply.</p>\n','2014-10-18',1),(9,1,'Simple registration form in PHP and MYSQL','Have [contacted author](https://twitter.com/ilovephp/status/525415879463686144) about SQL injection, received no response. Also features plain-text passwords.','<p>Have <a href=\"https://twitter.com/ilovephp/status/525415879463686144\">contacted author</a> about SQL injection, received no response. Also features plain-text passwords.</p>\n','2014-10-23',1),(10,1,'Android PHP/MYSQL Tutorial','SQL injection issues, despite using mysqli. Also incorrectly advocates for the use of plain text in a password storage system. Have [contacted the author](https://twitter.com/ilovephp/status/540182898960523264) to ask for improvements.','<p>SQL injection issues, despite using mysqli. Also incorrectly advocates for the use of plain text in a password storage system. Have <a href=\"https://twitter.com/ilovephp/status/540182898960523264\">contacted the author</a> to ask for improvements.</p>\n',NULL,1),(11,1,'PHP CRUD with Search and Pagination','A site with a large number of vulnerable scripts, including many that are live on the author\'s own server.','<p>A site with a large number of vulnerable scripts, including many that are live on the author\'s own server.</p>\n',NULL,1),(12,1,'PHP CRUD with Search and Pagination using jQuery AJAX','A site with a large number of vulnerable scripts, including many that are live on the author\'s own server.','<p>A site with a large number of vulnerable scripts, including many that are live on the author\'s own server.</p>\n',NULL,1),(13,1,'Simple PHP Shopping Cart','A site with a large number of vulnerable scripts, including many that are live on the author\'s own server.','<p>A site with a large number of vulnerable scripts, including many that are live on the author\'s own server.</p>\n',NULL,1),(14,1,'Live Username Availability Check using PHP and jQuery AJAX','A site with a large number of vulnerable scripts, including many that are live on the author\'s own server.','<p>A site with a large number of vulnerable scripts, including many that are live on the author\'s own server.</p>\n',NULL,1),(15,1,'jQuery AJAX Autocomplete – Country Example','A site with a large number of vulnerable scripts, including many that are live on the author\'s own server.','<p>A site with a large number of vulnerable scripts, including many that are live on the author\'s own server.</p>\n',NULL,1),(16,1,'Facebook Style Like Unlike using PHP jQuery','A site with a large number of vulnerable scripts, including many that are live on the author\'s own server.','<p>A site with a large number of vulnerable scripts, including many that are live on the author\'s own server.</p>\n',NULL,1),(17,1,'Tutorial Menu AJAX Add Edit Delete Records in Database using PHP and jQuery','A site with a large number of vulnerable scripts, including many that are live on the author\'s own server.','<p>A site with a large number of vulnerable scripts, including many that are live on the author\'s own server.</p>\n',NULL,1),(18,1,'Tutorial Menu Using jqGrid Control with PHP','A site with a large number of vulnerable scripts, including many that are live on the author\'s own server.','<p>A site with a large number of vulnerable scripts, including many that are live on the author\'s own server.</p>\n',NULL,1),(19,1,'Dynamic Star Rating with PHP and jQuery','A site with a large number of vulnerable scripts, including many that are live on the author\'s own server.','<p>A site with a large number of vulnerable scripts, including many that are live on the author\'s own server.</p>\n',NULL,1),(20,1,'Dynamic Content Load using jQuery AJAX','A site with a large number of vulnerable scripts, including many that are live on the author\'s own server.','<p>A site with a large number of vulnerable scripts, including many that are live on the author\'s own server.</p>\n',NULL,1),(21,1,'PHP Voting System with jQuery AJAX','A site with a large number of vulnerable scripts, including many that are live on the author\'s own server.','<p>A site with a large number of vulnerable scripts, including many that are live on the author\'s own server.</p>\n',NULL,1),(22,1,'Demo Facebook like Button Application Using PHP, MySQL, jQuery and Ajax','Uses legacy library, similar SQL injection vulns to other MySQL tutorials on this domain.','<p>Uses legacy library, similar SQL injection vulns to other MySQL tutorials on this domain.</p>\n',NULL,1),(23,1,'Instant Search With Pagination in PHP, MySQL, jQuery and Ajax','Two similar pagination tutorials, both with security vulnerabilities','<p>Two similar pagination tutorials, both with security vulnerabilities</p>\n',NULL,1),(24,1,'Responsive Quiz Application Using PHP, MySQL, jQuery, Ajax and Twitter Bootstrap','Uses legacy library. Several SQL injection vulnerabilities here.','<p>Uses legacy library. Several SQL injection vulnerabilities here.</p>\n',NULL,1),(25,1,'jQuery Autocomplete Mutiple Fields Using jQuery, Ajax, PHP and MySQL','Two versions of this tutorial. Have [contacted the author](https://twitter.com/ilovephp/status/543363764079583232) to let them know about the SQL injection issue in both.','<p>Two versions of this tutorial. Have <a href=\"https://twitter.com/ilovephp/status/543363764079583232\">contacted the author</a> to let them know about the SQL injection issue in both.</p>\n','2014-12-12',1),(26,1,'Simple Login with CodeIgniter in PHP','A CodeIgniter tutorial that uses MD5 to hash passwords, with no salt.','<p>A CodeIgniter tutorial that uses MD5 to hash passwords, with no salt.</p>\n',NULL,1);
/*!40000 ALTER TABLE `report` ENABLE KEYS */;
UNLOCK TABLES;

--
-- Dumping data for table `report_issue`
--

LOCK TABLES `report_issue` WRITE;
/*!40000 ALTER TABLE `report_issue` DISABLE KEYS */;
INSERT INTO `report_issue` (`id`, `report_id`, `description`, `description_html`, `issue_id`, `resolved_at`) VALUES (5657,22,NULL,NULL,2,NULL),(5658,22,NULL,NULL,5,NULL),(5659,4,NULL,NULL,2,NULL),(5660,13,'This site contains a large number of SQL injections, all or mostly involving the legacy mysql library. Interestingly the [author cites parameterisation as a benefit of MySQLi](http://phppot.com/php/mysql-vs-mysqli-in-php/) elsewhere on the site.','<p>This site contains a large number of SQL injections, all or mostly involving the legacy mysql library. Interestingly the <a href=\"http://phppot.com/php/mysql-vs-mysqli-in-php/\">author cites parameterisation as a benefit of MySQLi</a> elsewhere on the site.</p>\n',2,NULL),(5661,13,NULL,NULL,5,NULL),(5662,14,'This site contains a large number of SQL injections, all or mostly involving the legacy mysql library. Interestingly the [author cites parameterisation as a benefit of MySQLi](http://phppot.com/php/mysql-vs-mysqli-in-php/) elsewhere on the site.','<p>This site contains a large number of SQL injections, all or mostly involving the legacy mysql library. Interestingly the <a href=\"http://phppot.com/php/mysql-vs-mysqli-in-php/\">author cites parameterisation as a benefit of MySQLi</a> elsewhere on the site.</p>\n',2,NULL),(5663,14,NULL,NULL,5,NULL),(5664,23,NULL,NULL,2,NULL),(5665,23,NULL,NULL,5,NULL),(5666,15,'This site contains a large number of SQL injections, all or mostly involving the legacy mysql library. Interestingly the [author cites parameterisation as a benefit of MySQLi](http://phppot.com/php/mysql-vs-mysqli-in-php/) elsewhere on the site.','<p>This site contains a large number of SQL injections, all or mostly involving the legacy mysql library. Interestingly the <a href=\"http://phppot.com/php/mysql-vs-mysqli-in-php/\">author cites parameterisation as a benefit of MySQLi</a> elsewhere on the site.</p>\n',2,NULL),(5667,15,NULL,NULL,5,NULL),(5668,16,'This site contains a large number of SQL injections, all or mostly involving the legacy mysql library. Interestingly the [author cites parameterisation as a benefit of MySQLi](http://phppot.com/php/mysql-vs-mysqli-in-php/) elsewhere on the site.','<p>This site contains a large number of SQL injections, all or mostly involving the legacy mysql library. Interestingly the <a href=\"http://phppot.com/php/mysql-vs-mysqli-in-php/\">author cites parameterisation as a benefit of MySQLi</a> elsewhere on the site.</p>\n',2,NULL),(5669,16,NULL,NULL,5,NULL),(5670,2,NULL,NULL,3,NULL),(5671,2,NULL,NULL,6,NULL),(5672,2,NULL,NULL,5,NULL),(5673,11,'This site contains a large number of SQL injections, all or mostly involving the legacy mysql library. Interestingly the [author cites parameterisation as a benefit of MySQLi](http://phppot.com/php/mysql-vs-mysqli-in-php/) elsewhere on the site.','<p>This site contains a large number of SQL injections, all or mostly involving the legacy mysql library. Interestingly the <a href=\"http://phppot.com/php/mysql-vs-mysqli-in-php/\">author cites parameterisation as a benefit of MySQLi</a> elsewhere on the site.</p>\n',2,NULL),(5674,11,NULL,NULL,5,NULL),(5675,17,'This site contains a large number of SQL injections, all or mostly involving the legacy mysql library. Interestingly the [author cites parameterisation as a benefit of MySQLi](http://phppot.com/php/mysql-vs-mysqli-in-php/) elsewhere on the site.','<p>This site contains a large number of SQL injections, all or mostly involving the legacy mysql library. Interestingly the <a href=\"http://phppot.com/php/mysql-vs-mysqli-in-php/\">author cites parameterisation as a benefit of MySQLi</a> elsewhere on the site.</p>\n',2,NULL),(5676,17,NULL,NULL,5,NULL),(5677,12,'This site contains a large number of SQL injections, all or mostly involving the legacy mysql library. Interestingly the [author cites parameterisation as a benefit of MySQLi](http://phppot.com/php/mysql-vs-mysqli-in-php/) elsewhere on the site.','<p>This site contains a large number of SQL injections, all or mostly involving the legacy mysql library. Interestingly the <a href=\"http://phppot.com/php/mysql-vs-mysqli-in-php/\">author cites parameterisation as a benefit of MySQLi</a> elsewhere on the site.</p>\n',2,NULL),(5678,12,NULL,NULL,5,NULL),(5679,18,'This site contains a large number of SQL injections, all or mostly involving the legacy mysql library. Interestingly the [author cites parameterisation as a benefit of MySQLi](http://phppot.com/php/mysql-vs-mysqli-in-php/) elsewhere on the site.','<p>This site contains a large number of SQL injections, all or mostly involving the legacy mysql library. Interestingly the <a href=\"http://phppot.com/php/mysql-vs-mysqli-in-php/\">author cites parameterisation as a benefit of MySQLi</a> elsewhere on the site.</p>\n',2,NULL),(5680,18,NULL,NULL,5,NULL),(5681,24,NULL,NULL,2,NULL),(5682,24,NULL,NULL,5,NULL),(5683,19,'This site contains a large number of SQL injections, all or mostly involving the legacy mysql library. Interestingly the [author cites parameterisation as a benefit of MySQLi](http://phppot.com/php/mysql-vs-mysqli-in-php/) elsewhere on the site.','<p>This site contains a large number of SQL injections, all or mostly involving the legacy mysql library. Interestingly the <a href=\"http://phppot.com/php/mysql-vs-mysqli-in-php/\">author cites parameterisation as a benefit of MySQLi</a> elsewhere on the site.</p>\n',2,NULL),(5684,19,NULL,NULL,5,NULL),(5685,20,'This site contains a large number of SQL injections, all or mostly involving the legacy mysql library. Interestingly the [author cites parameterisation as a benefit of MySQLi](http://phppot.com/php/mysql-vs-mysqli-in-php/) elsewhere on the site.','<p>This site contains a large number of SQL injections, all or mostly involving the legacy mysql library. Interestingly the <a href=\"http://phppot.com/php/mysql-vs-mysqli-in-php/\">author cites parameterisation as a benefit of MySQLi</a> elsewhere on the site.</p>\n',2,NULL),(5686,20,NULL,NULL,5,NULL),(5687,6,NULL,NULL,6,NULL),(5688,6,NULL,NULL,3,NULL),(5689,1,NULL,NULL,2,NULL),(5690,1,NULL,NULL,5,NULL),(5691,5,'The `$item` variable can be used in a POST op to inject arbitrary SQL into a database query','<p>The <code>$item</code> variable can be used in a POST op to inject arbitrary SQL into a database query</p>\n',2,NULL),(5692,5,NULL,NULL,5,NULL),(5693,5,'The use of `extract()` to create variables from unfiltered user input is risky, since it can have malicious uses','<p>The use of <code>extract()</code> to create variables from unfiltered user input is risky, since it can have malicious uses</p>\n',7,NULL),(5694,25,'The MySQLi library is in use, so this just needs modifying to parameterised queries','<p>The MySQLi library is in use, so this just needs modifying to parameterised queries</p>\n',2,NULL),(5695,8,NULL,NULL,2,NULL),(5696,8,NULL,NULL,6,NULL),(5697,8,NULL,NULL,5,NULL),(5698,10,NULL,NULL,2,NULL),(5699,10,NULL,NULL,6,NULL),(5700,10,NULL,NULL,3,NULL),(5701,7,NULL,NULL,2,NULL),(5702,7,NULL,NULL,5,NULL),(5703,7,'SHA1/base64/salt home-made algorithm not a substitute for password_hash().','<p>SHA1/base64/salt home-made algorithm not a substitute for password_hash().</p>\n',4,NULL),(5704,21,'This site contains a large number of SQL injections, all or mostly involving the legacy mysql library. Interestingly the [author cites parameterisation as a benefit of MySQLi](http://phppot.com/php/mysql-vs-mysqli-in-php/) elsewhere on the site.','<p>This site contains a large number of SQL injections, all or mostly involving the legacy mysql library. Interestingly the <a href=\"http://phppot.com/php/mysql-vs-mysqli-in-php/\">author cites parameterisation as a benefit of MySQLi</a> elsewhere on the site.</p>\n',2,NULL),(5705,21,NULL,NULL,5,NULL),(5706,9,NULL,NULL,2,NULL),(5707,9,NULL,NULL,5,NULL),(5708,9,NULL,NULL,3,NULL),(5709,3,NULL,NULL,2,NULL),(5710,26,NULL,NULL,4,NULL);
/*!40000 ALTER TABLE `report_issue` ENABLE KEYS */;
UNLOCK TABLES;

--
-- Dumping data for table `repository`
--

LOCK TABLES `repository` WRITE;
/*!40000 ALTER TABLE `repository` DISABLE KEYS */;
INSERT INTO `repository` (`id`, `url`, `mount_path`, `is_enabled`, `created_at`, `due_at`, `updated_at`) VALUES (1,'file:///home/jon/Development/Personal/Awooga/reports','1d01a3262bf6f264b7c66d3884e7227e021ffbc3',1,'2014-11-15 21:33:00','2014-12-14 03:40:02',NULL);
/*!40000 ALTER TABLE `repository` ENABLE KEYS */;
UNLOCK TABLES;

--
-- Dumping data for table `repository_log`
--

LOCK TABLES `repository_log` WRITE;
/*!40000 ALTER TABLE `repository_log` DISABLE KEYS */;
INSERT INTO `repository_log` (`id`, `repository_id`, `run_id`, `log_type`, `message`, `created_at`, `log_level`) VALUES (1,1,1,'fetch',NULL,'2014-12-01 21:32:02','success'),(2,1,1,'move',NULL,'2014-12-01 21:32:02','success'),(3,1,1,'scan',NULL,'2014-12-01 21:32:03','success'),(4,1,1,'resched',NULL,'2014-12-01 21:32:03','success'),(5,1,2,'fetch',NULL,'2014-12-02 21:04:35','success'),(6,1,2,'move',NULL,'2014-12-02 21:04:35','success'),(7,1,3,'fetch',NULL,'2014-12-02 21:05:26','success'),(8,1,3,'move',NULL,'2014-12-02 21:05:26','success'),(9,1,3,'scan',NULL,'2014-12-02 21:05:26','success'),(10,1,3,'resched',NULL,'2014-12-02 21:05:26','success'),(11,1,4,'fetch',NULL,'2014-12-02 21:30:26','success'),(12,1,4,'move',NULL,'2014-12-02 21:30:26','success'),(13,1,5,'fetch',NULL,'2014-12-02 21:30:55','success'),(14,1,5,'move',NULL,'2014-12-02 21:30:55','success'),(15,1,6,'fetch',NULL,'2014-12-02 21:37:43','success'),(16,1,6,'move',NULL,'2014-12-02 21:37:43','success'),(17,1,6,'scan',NULL,'2014-12-02 21:37:43','success'),(18,1,6,'resched',NULL,'2014-12-02 21:37:43','success'),(19,1,7,'fetch',NULL,'2014-12-02 21:38:13','success'),(20,1,7,'move',NULL,'2014-12-02 21:38:13','success'),(21,1,7,'scan',NULL,'2014-12-02 21:38:14','success'),(22,1,7,'resched',NULL,'2014-12-02 21:38:14','success'),(23,1,8,'fetch',NULL,'2014-12-02 23:09:40','success'),(24,1,8,'move',NULL,'2014-12-02 23:09:40','success'),(25,1,8,'scan',NULL,'2014-12-02 23:09:40','success'),(26,1,8,'resched',NULL,'2014-12-02 23:09:40','success'),(27,1,9,'fetch',NULL,'2014-12-02 23:10:02','success'),(28,1,9,'move',NULL,'2014-12-02 23:10:02','success'),(29,1,9,'scan',NULL,'2014-12-02 23:10:03','success'),(30,1,9,'resched',NULL,'2014-12-02 23:10:03','success'),(31,1,10,'fetch',NULL,'2014-12-02 23:10:19','success'),(32,1,10,'move',NULL,'2014-12-02 23:10:19','success'),(33,1,10,'scan',NULL,'2014-12-02 23:10:19','success'),(34,1,10,'resched',NULL,'2014-12-02 23:10:19','success'),(35,1,11,'fetch',NULL,'2014-12-02 23:29:58','success'),(36,1,11,'move',NULL,'2014-12-02 23:29:58','success'),(37,1,11,'scan',NULL,'2014-12-02 23:29:58','success'),(38,1,11,'resched',NULL,'2014-12-02 23:29:58','success'),(39,1,12,'fetch',NULL,'2014-12-02 23:30:26','success'),(40,1,12,'move',NULL,'2014-12-02 23:30:26','success'),(41,1,12,'scan',NULL,'2014-12-02 23:30:27','success'),(42,1,12,'resched',NULL,'2014-12-02 23:30:27','success'),(43,1,13,'fetch',NULL,'2014-12-03 10:10:29','success'),(44,1,13,'move',NULL,'2014-12-03 10:10:29','success'),(46,1,13,'resched','Repo processing failed, setting retry time','2014-12-03 10:10:29','success'),(47,1,14,'fetch',NULL,'2014-12-03 10:11:09','success'),(48,1,14,'move',NULL,'2014-12-03 10:11:09','success'),(50,1,14,'resched','Repo processing failed, setting retry time','2014-12-03 10:11:09','success'),(51,1,15,'fetch',NULL,'2014-12-03 10:11:29','success'),(52,1,15,'move',NULL,'2014-12-03 10:11:29','success'),(54,1,15,'resched','Repo processing failed, setting retry time','2014-12-03 10:11:29','success'),(55,1,16,'fetch',NULL,'2014-12-03 10:11:39','success'),(56,1,16,'move',NULL,'2014-12-03 10:11:39','success'),(58,1,16,'resched','Repo processing failed, setting retry time','2014-12-03 10:11:40','success'),(59,1,17,'fetch',NULL,'2014-12-03 10:12:36','success'),(60,1,17,'move',NULL,'2014-12-03 10:12:36','success'),(62,1,17,'resched','Repo processing failed, setting retry time','2014-12-03 10:12:36','success'),(63,1,18,'fetch',NULL,'2014-12-03 10:16:48','success'),(64,1,18,'move',NULL,'2014-12-03 10:16:48','success'),(65,1,18,'scan',NULL,'2014-12-03 10:16:49','success'),(66,1,18,'resched',NULL,'2014-12-03 10:16:49','success'),(67,1,19,'fetch',NULL,'2014-12-03 10:22:02','success'),(68,1,19,'move',NULL,'2014-12-03 10:22:02','success'),(69,1,19,'scan',NULL,'2014-12-03 10:22:03','success'),(70,1,19,'resched',NULL,'2014-12-03 10:22:03','success'),(71,1,20,'fetch',NULL,'2014-12-03 12:54:45','success'),(72,1,20,'move',NULL,'2014-12-03 12:54:45','success'),(73,1,20,'scan',NULL,'2014-12-03 12:54:46','success'),(74,1,20,'resched',NULL,'2014-12-03 12:54:46','success'),(75,1,21,'fetch',NULL,'2014-12-03 13:05:41','success'),(76,1,21,'move',NULL,'2014-12-03 13:05:41','success'),(77,1,21,'scan',NULL,'2014-12-03 13:05:42','success'),(78,1,21,'resched',NULL,'2014-12-03 13:05:42','success'),(79,1,22,'fetch',NULL,'2014-12-03 13:12:17','success'),(80,1,22,'move',NULL,'2014-12-03 13:12:17','success'),(81,1,22,'scan',NULL,'2014-12-03 13:12:18','success'),(82,1,22,'resched',NULL,'2014-12-03 13:12:18','success'),(83,1,23,'fetch',NULL,'2014-12-03 13:13:02','success'),(84,1,23,'move',NULL,'2014-12-03 13:13:02','success'),(85,1,23,'scan',NULL,'2014-12-03 13:13:03','success'),(86,1,23,'resched',NULL,'2014-12-03 13:13:03','success'),(87,1,24,'fetch',NULL,'2014-12-03 13:15:17','success'),(88,1,24,'move',NULL,'2014-12-03 13:15:17','success'),(89,1,24,'scan',NULL,'2014-12-03 13:15:18','success'),(90,1,24,'resched',NULL,'2014-12-03 13:15:18','success'),(91,1,25,'fetch',NULL,'2014-12-03 13:17:25','success'),(92,1,25,'move',NULL,'2014-12-03 13:17:25','success'),(93,1,25,'scan',NULL,'2014-12-03 13:17:26','success'),(94,1,25,'resched',NULL,'2014-12-03 13:17:26','success'),(95,1,26,'fetch',NULL,'2014-12-03 13:25:54','success'),(96,1,26,'move',NULL,'2014-12-03 13:25:54','success'),(97,1,26,'scan',NULL,'2014-12-03 13:25:55','success'),(98,1,26,'resched',NULL,'2014-12-03 13:25:55','success'),(99,1,27,'fetch',NULL,'2014-12-03 13:26:36','success'),(100,1,27,'move',NULL,'2014-12-03 13:26:36','success'),(101,1,27,'scan',NULL,'2014-12-03 13:26:36','success'),(102,1,27,'resched',NULL,'2014-12-03 13:26:36','success'),(103,1,28,'fetch',NULL,'2014-12-03 13:44:45','success'),(104,1,28,'move',NULL,'2014-12-03 13:44:45','success'),(105,1,28,'scan',NULL,'2014-12-03 13:44:46','success'),(106,1,28,'resched',NULL,'2014-12-03 13:44:46','success'),(107,1,29,'fetch',NULL,'2014-12-03 13:45:25','success'),(108,1,29,'move',NULL,'2014-12-03 13:45:25','success'),(109,1,29,'scan',NULL,'2014-12-03 13:45:26','success'),(110,1,29,'resched',NULL,'2014-12-03 13:45:26','success'),(111,1,30,'fetch',NULL,'2014-12-03 16:53:01','success'),(112,1,30,'move',NULL,'2014-12-03 16:53:01','success'),(113,1,30,'scan','This field is required','2014-12-03 16:53:02','trivial'),(114,1,30,'scan',NULL,'2014-12-03 16:53:02','success'),(115,1,30,'resched',NULL,'2014-12-03 16:53:02','success'),(116,1,31,'fetch',NULL,'2014-12-03 17:00:04','success'),(117,1,31,'move',NULL,'2014-12-03 17:00:04','success'),(118,1,31,'scan','The \'\' field is required','2014-12-03 17:00:05','trivial'),(119,1,31,'scan',NULL,'2014-12-03 17:00:05','success'),(120,1,31,'resched',NULL,'2014-12-03 17:00:05','success'),(121,1,32,'fetch',NULL,'2014-12-03 17:00:42','success'),(122,1,32,'move',NULL,'2014-12-03 17:00:42','success'),(123,1,32,'scan','The \'author notified date\' field is required','2014-12-03 17:00:42','trivial'),(124,1,32,'scan',NULL,'2014-12-03 17:00:42','success'),(125,1,32,'resched',NULL,'2014-12-03 17:00:42','success'),(126,1,33,'fetch',NULL,'2014-12-03 17:04:14','success'),(127,1,33,'move',NULL,'2014-12-03 17:04:14','success'),(128,1,33,'scan','This field is expected to be a string','2014-12-03 17:04:14','trivial'),(129,1,33,'scan',NULL,'2014-12-03 17:04:15','success'),(130,1,33,'resched',NULL,'2014-12-03 17:04:15','success'),(131,1,34,'fetch',NULL,'2014-12-03 17:06:46','success'),(132,1,34,'move',NULL,'2014-12-03 17:06:46','success'),(133,1,34,'scan',NULL,'2014-12-03 17:06:48','success'),(134,1,34,'resched',NULL,'2014-12-03 17:06:48','success'),(135,1,35,'fetch',NULL,'2014-12-03 19:56:37','success'),(136,1,35,'move',NULL,'2014-12-03 19:56:37','success'),(137,1,35,'scan',NULL,'2014-12-03 19:56:39','success'),(138,1,35,'resched',NULL,'2014-12-03 19:56:39','success'),(139,1,36,'fetch',NULL,'2014-12-03 20:00:37','success'),(140,1,36,'move',NULL,'2014-12-03 20:00:37','success'),(141,1,36,'scan',NULL,'2014-12-03 20:00:39','success'),(142,1,36,'resched',NULL,'2014-12-03 20:00:39','success'),(143,1,37,'fetch',NULL,'2014-12-03 22:57:02','success'),(144,1,37,'move',NULL,'2014-12-03 22:57:02','success'),(145,1,37,'scan',NULL,'2014-12-03 22:57:04','success'),(146,1,37,'resched',NULL,'2014-12-03 22:57:04','success'),(147,1,38,'fetch',NULL,'2014-12-03 22:59:32','success'),(148,1,38,'move',NULL,'2014-12-03 22:59:32','success'),(149,1,38,'scan',NULL,'2014-12-03 22:59:34','success'),(150,1,38,'resched',NULL,'2014-12-03 22:59:34','success'),(151,1,39,'fetch',NULL,'2014-12-04 22:42:57','success'),(152,1,39,'move',NULL,'2014-12-04 22:42:57','success'),(153,1,39,'scan',NULL,'2014-12-04 22:42:59','success'),(154,1,39,'resched',NULL,'2014-12-04 22:42:59','success'),(155,1,40,'fetch',NULL,'2014-12-09 17:42:44','success'),(156,1,40,'move',NULL,'2014-12-09 17:42:44','success'),(157,1,40,'scan',NULL,'2014-12-09 17:42:44','success'),(158,1,40,'resched',NULL,'2014-12-09 17:42:44','success'),(159,1,41,'fetch','Fetch failed','2014-12-09 18:37:02','serious'),(160,1,41,'resched','Repo processing failed, setting retry time','2014-12-09 18:37:02','success'),(161,1,42,'fetch','Fetch failed','2014-12-09 19:37:01','serious'),(162,1,42,'resched','Repo processing failed, setting retry time','2014-12-09 19:37:01','success'),(163,1,43,'fetch',NULL,'2014-12-09 20:25:02','success'),(164,1,43,'move','Move repo to 58dd0cfdb116879ae153f6d3e678a513e781504c failed','2014-12-09 20:25:02','serious'),(165,1,43,'resched','Repo processing failed, setting retry time','2014-12-09 20:25:02','success'),(166,1,44,'fetch',NULL,'2014-12-09 20:30:37','success'),(167,1,44,'move',NULL,'2014-12-09 20:30:37','success'),(168,1,44,'scan',NULL,'2014-12-09 20:30:37','success'),(169,1,44,'resched',NULL,'2014-12-09 20:30:37','success'),(170,1,45,'fetch','Fetch failed','2014-12-09 20:35:01','serious'),(171,1,45,'resched','Repo processing failed, setting retry time','2014-12-09 20:35:01','success'),(172,1,46,'fetch','Fetch failed','2014-12-09 20:40:02','serious'),(173,1,46,'resched','Repo processing failed, setting retry time','2014-12-09 20:40:02','success'),(174,1,47,'fetch',NULL,'2014-12-09 20:41:33','success'),(175,1,47,'move',NULL,'2014-12-09 20:41:33','success'),(176,1,47,'scan',NULL,'2014-12-09 20:41:34','success'),(177,1,47,'resched',NULL,'2014-12-09 20:41:34','success'),(178,1,48,'fetch',NULL,'2014-12-09 20:41:53','success'),(179,1,48,'move',NULL,'2014-12-09 20:41:53','success'),(180,1,48,'scan',NULL,'2014-12-09 20:41:54','success'),(181,1,48,'resched',NULL,'2014-12-09 20:41:54','success'),(182,1,49,'fetch',NULL,'2014-12-09 20:42:39','success'),(183,1,49,'move',NULL,'2014-12-09 20:42:39','success'),(184,1,49,'scan',NULL,'2014-12-09 20:42:40','success'),(185,1,49,'resched',NULL,'2014-12-09 20:42:40','success'),(186,1,50,'fetch','Fetch failed','2014-12-09 20:45:01','serious'),(187,1,50,'resched','Repo processing failed, setting retry time','2014-12-09 20:45:01','success'),(188,1,51,'fetch','Fetch failed','2014-12-09 20:50:01','serious'),(189,1,51,'resched','Repo processing failed, setting retry time','2014-12-09 20:50:01','success'),(190,1,52,'fetch','Fetch failed','2014-12-09 20:55:01','serious'),(191,1,52,'resched','Repo processing failed, setting retry time','2014-12-09 20:55:01','success'),(192,1,53,'fetch','Fetch failed','2014-12-09 21:00:01','serious'),(193,1,53,'resched','Repo processing failed, setting retry time','2014-12-09 21:00:01','success'),(194,1,54,'fetch','Fetch failed','2014-12-09 21:05:01','serious'),(195,1,54,'resched','Repo processing failed, setting retry time','2014-12-09 21:05:01','success'),(196,1,55,'fetch','Fetch failed','2014-12-09 21:10:01','serious'),(197,1,55,'resched','Repo processing failed, setting retry time','2014-12-09 21:10:01','success'),(198,1,56,'fetch','Fetch failed','2014-12-09 21:15:01','serious'),(199,1,56,'resched','Repo processing failed, setting retry time','2014-12-09 21:15:02','success'),(200,1,57,'fetch','Fetch failed','2014-12-09 21:20:01','serious'),(201,1,57,'resched','Repo processing failed, setting retry time','2014-12-09 21:20:01','success'),(202,1,58,'fetch','Fetch failed','2014-12-09 21:25:01','serious'),(203,1,58,'resched','Repo processing failed, setting retry time','2014-12-09 21:25:01','success'),(204,1,59,'fetch','Fetch failed','2014-12-09 21:30:01','serious'),(205,1,59,'resched','Repo processing failed, setting retry time','2014-12-09 21:30:01','success'),(206,1,60,'fetch','Fetch failed','2014-12-09 21:35:01','serious'),(207,1,60,'resched','Repo processing failed, setting retry time','2014-12-09 21:35:01','success'),(208,1,61,'fetch','Fetch failed','2014-12-09 21:40:01','serious'),(209,1,61,'resched','Repo processing failed, setting retry time','2014-12-09 21:40:01','success'),(210,1,62,'fetch','Fetch failed','2014-12-09 21:45:01','serious'),(211,1,62,'resched','Repo processing failed, setting retry time','2014-12-09 21:45:01','success'),(212,1,63,'fetch','Fetch failed','2014-12-09 21:50:01','serious'),(213,1,63,'resched','Repo processing failed, setting retry time','2014-12-09 21:50:01','success'),(214,1,64,'fetch','Fetch failed','2014-12-09 21:55:01','serious'),(215,1,64,'resched','Repo processing failed, setting retry time','2014-12-09 21:55:01','success'),(216,1,65,'fetch','Fetch failed','2014-12-09 22:00:01','serious'),(217,1,65,'resched','Repo processing failed, setting retry time','2014-12-09 22:00:01','success'),(218,1,66,'fetch','Fetch failed','2014-12-09 22:05:02','serious'),(219,1,66,'resched','Repo processing failed, setting retry time','2014-12-09 22:05:02','success'),(220,1,67,'fetch','Fetch failed','2014-12-09 22:10:01','serious'),(221,1,67,'resched','Repo processing failed, setting retry time','2014-12-09 22:10:01','success'),(222,1,68,'fetch','Fetch failed','2014-12-09 22:15:01','serious'),(223,1,68,'resched','Repo processing failed, setting retry time','2014-12-09 22:15:01','success'),(224,1,69,'fetch','Fetch failed','2014-12-09 22:20:01','serious'),(225,1,69,'resched','Repo processing failed, setting retry time','2014-12-09 22:20:01','success'),(226,1,70,'fetch','Fetch failed','2014-12-09 22:25:01','serious'),(227,1,70,'resched','Repo processing failed, setting retry time','2014-12-09 22:25:01','success'),(228,1,71,'fetch','Fetch failed','2014-12-09 22:30:01','serious'),(229,1,71,'resched','Repo processing failed, setting retry time','2014-12-09 22:30:01','success'),(230,1,72,'fetch','Fetch failed','2014-12-09 22:35:01','serious'),(231,1,72,'resched','Repo processing failed, setting retry time','2014-12-09 22:35:01','success'),(232,1,73,'fetch','Fetch failed','2014-12-09 22:40:01','serious'),(233,1,73,'resched','Repo processing failed, setting retry time','2014-12-09 22:40:01','success'),(234,1,74,'fetch','Fetch failed','2014-12-09 22:45:01','serious'),(235,1,74,'resched','Repo processing failed, setting retry time','2014-12-09 22:45:01','success'),(236,1,75,'fetch','Fetch failed','2014-12-09 22:48:01','serious'),(237,1,75,'resched','Repo processing failed, setting retry time','2014-12-09 22:48:01','success'),(238,1,76,'fetch','Fetch failed','2014-12-09 22:51:01','serious'),(239,1,76,'resched','Repo processing failed, setting retry time','2014-12-09 22:51:01','success'),(240,1,77,'fetch','Fetch failed','2014-12-09 22:54:01','serious'),(241,1,77,'resched','Repo processing failed, setting retry time','2014-12-09 22:54:01','success'),(242,1,78,'fetch','Fetch failed','2014-12-09 22:57:01','serious'),(243,1,78,'resched','Repo processing failed, setting retry time','2014-12-09 22:57:01','success'),(244,1,79,'fetch','Fetch failed','2014-12-09 23:00:01','serious'),(245,1,79,'resched','Repo processing failed, setting retry time','2014-12-09 23:00:01','success'),(246,1,80,'fetch','Fetch failed','2014-12-09 23:03:01','serious'),(247,1,80,'resched','Repo processing failed, setting retry time','2014-12-09 23:03:01','success'),(248,1,81,'fetch',NULL,'2014-12-09 23:06:01','success'),(249,1,81,'move',NULL,'2014-12-09 23:06:01','success'),(251,1,81,'resched','Repo processing failed, setting retry time','2014-12-09 23:06:02','success'),(252,1,82,'fetch',NULL,'2014-12-09 23:09:01','success'),(253,1,82,'move',NULL,'2014-12-09 23:09:01','success'),(255,1,82,'resched','Repo processing failed, setting retry time','2014-12-09 23:09:01','success'),(256,1,83,'fetch',NULL,'2014-12-09 23:12:01','success'),(257,1,83,'move',NULL,'2014-12-09 23:12:01','success'),(259,1,83,'resched','Repo processing failed, setting retry time','2014-12-09 23:12:01','success'),(260,1,84,'fetch',NULL,'2014-12-09 23:15:01','success'),(261,1,84,'move',NULL,'2014-12-09 23:15:01','success'),(263,1,84,'resched','Repo processing failed, setting retry time','2014-12-09 23:15:01','success'),(264,1,85,'fetch',NULL,'2014-12-09 23:18:01','success'),(265,1,85,'move',NULL,'2014-12-09 23:18:01','success'),(266,1,85,'scan',NULL,'2014-12-09 23:18:02','success'),(267,1,85,'resched',NULL,'2014-12-09 23:18:02','success'),(268,1,86,'fetch',NULL,'2014-12-09 23:21:01','success'),(269,1,86,'move',NULL,'2014-12-09 23:21:01','success'),(270,1,86,'scan',NULL,'2014-12-09 23:21:02','success'),(271,1,86,'resched',NULL,'2014-12-09 23:21:02','success'),(272,1,87,'fetch',NULL,'2014-12-09 23:24:01','success'),(273,1,87,'move',NULL,'2014-12-09 23:24:01','success'),(274,1,87,'scan',NULL,'2014-12-09 23:24:01','success'),(275,1,87,'resched',NULL,'2014-12-09 23:24:01','success'),(276,1,88,'fetch',NULL,'2014-12-09 23:27:02','success'),(277,1,88,'move',NULL,'2014-12-09 23:27:02','success'),(278,1,88,'scan',NULL,'2014-12-09 23:27:03','success'),(279,1,88,'resched',NULL,'2014-12-09 23:27:03','success'),(280,1,89,'fetch',NULL,'2014-12-09 23:30:01','success'),(281,1,89,'move',NULL,'2014-12-09 23:30:01','success'),(282,1,89,'scan',NULL,'2014-12-09 23:30:01','success'),(283,1,89,'resched',NULL,'2014-12-09 23:30:01','success'),(284,1,90,'fetch',NULL,'2014-12-09 23:32:01','success'),(285,1,90,'move',NULL,'2014-12-09 23:32:01','success'),(286,1,90,'scan',NULL,'2014-12-09 23:32:02','success'),(287,1,90,'resched',NULL,'2014-12-09 23:32:02','success'),(288,1,91,'fetch',NULL,'2014-12-09 23:34:01','success'),(289,1,91,'move',NULL,'2014-12-09 23:34:01','success'),(290,1,91,'scan',NULL,'2014-12-09 23:34:02','success'),(291,1,91,'resched',NULL,'2014-12-09 23:34:02','success'),(292,1,92,'fetch',NULL,'2014-12-09 23:36:01','success'),(293,1,92,'move',NULL,'2014-12-09 23:36:01','success'),(294,1,92,'scan',NULL,'2014-12-09 23:36:02','success'),(295,1,92,'resched',NULL,'2014-12-09 23:36:02','success'),(296,1,93,'fetch',NULL,'2014-12-09 23:38:01','success'),(297,1,93,'move',NULL,'2014-12-09 23:38:01','success'),(298,1,93,'scan',NULL,'2014-12-09 23:38:01','success'),(299,1,93,'resched',NULL,'2014-12-09 23:38:01','success'),(300,1,94,'fetch',NULL,'2014-12-09 23:40:01','success'),(301,1,94,'move',NULL,'2014-12-09 23:40:01','success'),(302,1,94,'scan',NULL,'2014-12-09 23:40:01','success'),(303,1,94,'resched',NULL,'2014-12-09 23:40:01','success'),(304,1,95,'fetch',NULL,'2014-12-09 23:42:01','success'),(305,1,95,'move',NULL,'2014-12-09 23:42:01','success'),(306,1,95,'scan',NULL,'2014-12-09 23:42:02','success'),(307,1,95,'resched',NULL,'2014-12-09 23:42:02','success'),(308,1,96,'fetch',NULL,'2014-12-09 23:44:01','success'),(309,1,96,'move',NULL,'2014-12-09 23:44:01','success'),(310,1,96,'scan',NULL,'2014-12-09 23:44:02','success'),(311,1,96,'resched',NULL,'2014-12-09 23:44:02','success'),(312,1,97,'fetch',NULL,'2014-12-09 23:46:01','success'),(313,1,97,'move',NULL,'2014-12-09 23:46:01','success'),(314,1,97,'scan',NULL,'2014-12-09 23:46:01','success'),(315,1,97,'resched',NULL,'2014-12-09 23:46:01','success'),(316,1,98,'fetch',NULL,'2014-12-09 23:48:01','success'),(317,1,98,'move',NULL,'2014-12-09 23:48:01','success'),(318,1,98,'scan',NULL,'2014-12-09 23:48:02','success'),(319,1,98,'resched',NULL,'2014-12-09 23:48:02','success'),(320,1,99,'fetch',NULL,'2014-12-09 23:50:01','success'),(321,1,99,'move',NULL,'2014-12-09 23:50:01','success'),(322,1,99,'scan',NULL,'2014-12-09 23:50:02','success'),(323,1,99,'resched',NULL,'2014-12-09 23:50:02','success'),(324,1,100,'fetch',NULL,'2014-12-09 23:52:01','success'),(325,1,100,'move',NULL,'2014-12-09 23:52:01','success'),(326,1,100,'scan',NULL,'2014-12-09 23:52:01','success'),(327,1,100,'resched',NULL,'2014-12-09 23:52:01','success'),(328,1,101,'fetch',NULL,'2014-12-09 23:54:01','success'),(329,1,101,'move',NULL,'2014-12-09 23:54:01','success'),(330,1,101,'scan',NULL,'2014-12-09 23:54:01','success'),(331,1,101,'resched',NULL,'2014-12-09 23:54:01','success'),(332,1,102,'fetch',NULL,'2014-12-09 23:56:01','success'),(333,1,102,'move',NULL,'2014-12-09 23:56:01','success'),(334,1,102,'scan',NULL,'2014-12-09 23:56:02','success'),(335,1,102,'resched',NULL,'2014-12-09 23:56:02','success'),(336,1,103,'fetch',NULL,'2014-12-09 23:58:01','success'),(337,1,103,'move',NULL,'2014-12-09 23:58:01','success'),(338,1,103,'scan',NULL,'2014-12-09 23:58:02','success'),(339,1,103,'resched',NULL,'2014-12-09 23:58:02','success'),(340,1,104,'fetch',NULL,'2014-12-10 00:00:01','success'),(341,1,104,'move',NULL,'2014-12-10 00:00:01','success'),(342,1,104,'scan',NULL,'2014-12-10 00:00:01','success'),(343,1,104,'resched',NULL,'2014-12-10 00:00:01','success'),(344,1,105,'fetch',NULL,'2014-12-10 00:02:01','success'),(345,1,105,'move',NULL,'2014-12-10 00:02:01','success'),(346,1,105,'scan',NULL,'2014-12-10 00:02:02','success'),(347,1,105,'resched',NULL,'2014-12-10 00:02:02','success'),(348,1,106,'fetch',NULL,'2014-12-10 00:04:01','success'),(349,1,106,'move',NULL,'2014-12-10 00:04:01','success'),(350,1,106,'scan',NULL,'2014-12-10 00:04:01','success'),(351,1,106,'resched',NULL,'2014-12-10 00:04:01','success'),(352,1,107,'fetch',NULL,'2014-12-10 00:06:02','success'),(353,1,107,'move',NULL,'2014-12-10 00:06:02','success'),(354,1,107,'scan',NULL,'2014-12-10 00:06:02','success'),(355,1,107,'resched',NULL,'2014-12-10 00:06:02','success'),(356,1,108,'fetch',NULL,'2014-12-10 00:08:01','success'),(357,1,108,'move',NULL,'2014-12-10 00:08:01','success'),(358,1,108,'scan',NULL,'2014-12-10 00:08:02','success'),(359,1,108,'resched',NULL,'2014-12-10 00:08:02','success'),(360,1,109,'fetch',NULL,'2014-12-10 00:10:01','success'),(361,1,109,'move',NULL,'2014-12-10 00:10:01','success'),(362,1,109,'scan',NULL,'2014-12-10 00:10:01','success'),(363,1,109,'resched',NULL,'2014-12-10 00:10:01','success'),(364,1,110,'fetch',NULL,'2014-12-10 00:12:02','success'),(365,1,110,'move',NULL,'2014-12-10 00:12:02','success'),(366,1,110,'scan',NULL,'2014-12-10 00:12:02','success'),(367,1,110,'resched',NULL,'2014-12-10 00:12:02','success'),(368,1,111,'fetch',NULL,'2014-12-10 00:14:01','success'),(369,1,111,'move',NULL,'2014-12-10 00:14:01','success'),(370,1,111,'scan',NULL,'2014-12-10 00:14:02','success'),(371,1,111,'resched',NULL,'2014-12-10 00:14:02','success'),(372,1,112,'fetch',NULL,'2014-12-10 00:16:01','success'),(373,1,112,'move',NULL,'2014-12-10 00:16:01','success'),(374,1,112,'scan',NULL,'2014-12-10 00:16:02','success'),(375,1,112,'resched',NULL,'2014-12-10 00:16:02','success'),(376,1,113,'fetch',NULL,'2014-12-10 00:18:01','success'),(377,1,113,'move',NULL,'2014-12-10 00:18:01','success'),(378,1,113,'scan',NULL,'2014-12-10 00:18:01','success'),(379,1,113,'resched',NULL,'2014-12-10 00:18:01','success'),(380,1,114,'fetch',NULL,'2014-12-10 00:20:01','success'),(381,1,114,'move',NULL,'2014-12-10 00:20:01','success'),(382,1,114,'scan',NULL,'2014-12-10 00:20:02','success'),(383,1,114,'resched',NULL,'2014-12-10 00:20:02','success'),(384,1,115,'fetch',NULL,'2014-12-10 00:22:01','success'),(385,1,115,'move',NULL,'2014-12-10 00:22:01','success'),(386,1,115,'scan',NULL,'2014-12-10 00:22:02','success'),(387,1,115,'resched',NULL,'2014-12-10 00:22:02','success'),(388,1,116,'fetch',NULL,'2014-12-10 00:24:01','success'),(389,1,116,'move',NULL,'2014-12-10 00:24:01','success'),(390,1,116,'scan',NULL,'2014-12-10 00:24:02','success'),(391,1,116,'resched',NULL,'2014-12-10 00:24:02','success'),(392,1,117,'fetch',NULL,'2014-12-10 00:26:01','success'),(393,1,117,'move',NULL,'2014-12-10 00:26:01','success'),(394,1,117,'scan',NULL,'2014-12-10 00:26:02','success'),(395,1,117,'resched',NULL,'2014-12-10 00:26:02','success'),(396,1,118,'fetch',NULL,'2014-12-10 00:28:01','success'),(397,1,118,'move',NULL,'2014-12-10 00:28:01','success'),(398,1,118,'scan',NULL,'2014-12-10 00:28:01','success'),(399,1,118,'resched',NULL,'2014-12-10 00:28:01','success'),(400,1,119,'fetch',NULL,'2014-12-10 00:30:01','success'),(401,1,119,'move',NULL,'2014-12-10 00:30:01','success'),(402,1,119,'scan',NULL,'2014-12-10 00:30:02','success'),(403,1,119,'resched',NULL,'2014-12-10 00:30:02','success'),(404,1,120,'fetch',NULL,'2014-12-10 00:32:01','success'),(405,1,120,'move',NULL,'2014-12-10 00:32:01','success'),(406,1,120,'scan',NULL,'2014-12-10 00:32:02','success'),(407,1,120,'resched',NULL,'2014-12-10 00:32:02','success'),(408,1,121,'fetch',NULL,'2014-12-10 00:34:01','success'),(409,1,121,'move',NULL,'2014-12-10 00:34:01','success'),(410,1,121,'scan',NULL,'2014-12-10 00:34:01','success'),(411,1,121,'resched',NULL,'2014-12-10 00:34:02','success'),(412,1,122,'fetch',NULL,'2014-12-10 00:36:01','success'),(413,1,122,'move',NULL,'2014-12-10 00:36:01','success'),(414,1,122,'scan',NULL,'2014-12-10 00:36:01','success'),(415,1,122,'resched',NULL,'2014-12-10 00:36:01','success'),(416,1,123,'fetch',NULL,'2014-12-10 00:38:01','success'),(417,1,123,'move',NULL,'2014-12-10 00:38:01','success'),(418,1,123,'scan',NULL,'2014-12-10 00:38:02','success'),(419,1,123,'resched',NULL,'2014-12-10 00:38:02','success'),(420,1,124,'fetch',NULL,'2014-12-10 00:40:01','success'),(421,1,124,'move',NULL,'2014-12-10 00:40:01','success'),(422,1,124,'scan',NULL,'2014-12-10 00:40:02','success'),(423,1,124,'resched',NULL,'2014-12-10 00:40:02','success'),(424,1,125,'fetch',NULL,'2014-12-10 00:42:01','success'),(425,1,125,'move',NULL,'2014-12-10 00:42:01','success'),(426,1,125,'scan',NULL,'2014-12-10 00:42:02','success'),(427,1,125,'resched',NULL,'2014-12-10 00:42:02','success'),(428,1,126,'fetch',NULL,'2014-12-10 00:44:01','success'),(429,1,126,'move',NULL,'2014-12-10 00:44:01','success'),(430,1,126,'scan',NULL,'2014-12-10 00:44:01','success'),(431,1,126,'resched',NULL,'2014-12-10 00:44:01','success'),(432,1,127,'fetch',NULL,'2014-12-10 00:46:01','success'),(433,1,127,'move',NULL,'2014-12-10 00:46:01','success'),(434,1,127,'scan',NULL,'2014-12-10 00:46:02','success'),(435,1,127,'resched',NULL,'2014-12-10 00:46:02','success'),(436,1,128,'fetch',NULL,'2014-12-10 00:48:01','success'),(437,1,128,'move',NULL,'2014-12-10 00:48:01','success'),(438,1,128,'scan',NULL,'2014-12-10 00:48:02','success'),(439,1,128,'resched',NULL,'2014-12-10 00:48:02','success'),(440,1,129,'fetch',NULL,'2014-12-10 00:50:01','success'),(441,1,129,'move',NULL,'2014-12-10 00:50:01','success'),(442,1,129,'scan',NULL,'2014-12-10 00:50:01','success'),(443,1,129,'resched',NULL,'2014-12-10 00:50:01','success'),(444,1,130,'fetch',NULL,'2014-12-10 00:52:02','success'),(445,1,130,'move',NULL,'2014-12-10 00:52:02','success'),(446,1,130,'scan',NULL,'2014-12-10 00:52:02','success'),(447,1,130,'resched',NULL,'2014-12-10 00:52:02','success'),(448,1,131,'fetch',NULL,'2014-12-10 00:54:01','success'),(449,1,131,'move',NULL,'2014-12-10 00:54:01','success'),(450,1,131,'scan',NULL,'2014-12-10 00:54:02','success'),(451,1,131,'resched',NULL,'2014-12-10 00:54:02','success'),(452,1,132,'fetch',NULL,'2014-12-10 00:56:01','success'),(453,1,132,'move',NULL,'2014-12-10 00:56:01','success'),(454,1,132,'scan',NULL,'2014-12-10 00:56:01','success'),(455,1,132,'resched',NULL,'2014-12-10 00:56:01','success'),(456,1,133,'fetch',NULL,'2014-12-10 00:58:01','success'),(457,1,133,'move',NULL,'2014-12-10 00:58:01','success'),(458,1,133,'scan',NULL,'2014-12-10 00:58:03','success'),(459,1,133,'resched',NULL,'2014-12-10 00:58:03','success'),(460,1,134,'fetch',NULL,'2014-12-10 01:00:01','success'),(461,1,134,'move',NULL,'2014-12-10 01:00:01','success'),(462,1,134,'scan',NULL,'2014-12-10 01:00:01','success'),(463,1,134,'resched',NULL,'2014-12-10 01:00:01','success'),(464,1,135,'fetch',NULL,'2014-12-10 01:02:01','success'),(465,1,135,'move',NULL,'2014-12-10 01:02:01','success'),(466,1,135,'scan',NULL,'2014-12-10 01:02:02','success'),(467,1,135,'resched',NULL,'2014-12-10 01:02:02','success'),(468,1,136,'fetch',NULL,'2014-12-10 01:04:01','success'),(469,1,136,'move',NULL,'2014-12-10 01:04:01','success'),(470,1,136,'scan',NULL,'2014-12-10 01:04:02','success'),(471,1,136,'resched',NULL,'2014-12-10 01:04:02','success'),(472,1,137,'fetch',NULL,'2014-12-10 08:28:05','success'),(473,1,137,'move',NULL,'2014-12-10 08:28:05','success'),(474,1,137,'scan',NULL,'2014-12-10 08:28:06','success'),(475,1,137,'resched',NULL,'2014-12-10 08:28:06','success'),(476,1,138,'fetch',NULL,'2014-12-10 08:30:01','success'),(477,1,138,'move',NULL,'2014-12-10 08:30:01','success'),(478,1,138,'scan',NULL,'2014-12-10 08:30:01','success'),(479,1,138,'resched',NULL,'2014-12-10 08:30:01','success'),(480,1,139,'fetch',NULL,'2014-12-10 08:32:02','success'),(481,1,139,'move',NULL,'2014-12-10 08:32:02','success'),(482,1,139,'scan',NULL,'2014-12-10 08:32:02','success'),(483,1,139,'resched',NULL,'2014-12-10 08:32:02','success'),(484,1,140,'fetch',NULL,'2014-12-10 08:34:02','success'),(485,1,140,'move',NULL,'2014-12-10 08:34:02','success'),(486,1,140,'scan',NULL,'2014-12-10 08:34:02','success'),(487,1,140,'resched',NULL,'2014-12-10 08:34:02','success'),(488,1,141,'fetch',NULL,'2014-12-10 08:36:01','success'),(489,1,141,'move',NULL,'2014-12-10 08:36:01','success'),(490,1,141,'scan',NULL,'2014-12-10 08:36:02','success'),(491,1,141,'resched',NULL,'2014-12-10 08:36:02','success'),(492,1,142,'fetch',NULL,'2014-12-10 08:38:01','success'),(493,1,142,'move',NULL,'2014-12-10 08:38:01','success'),(494,1,142,'scan',NULL,'2014-12-10 08:38:02','success'),(495,1,142,'resched',NULL,'2014-12-10 08:38:02','success'),(496,1,143,'fetch',NULL,'2014-12-10 08:40:01','success'),(497,1,143,'move',NULL,'2014-12-10 08:40:01','success'),(498,1,143,'scan',NULL,'2014-12-10 08:40:01','success'),(499,1,143,'resched',NULL,'2014-12-10 08:40:01','success'),(500,1,144,'fetch',NULL,'2014-12-10 08:42:01','success'),(501,1,144,'move',NULL,'2014-12-10 08:42:01','success'),(502,1,144,'scan',NULL,'2014-12-10 08:42:02','success'),(503,1,144,'resched',NULL,'2014-12-10 08:42:02','success'),(504,1,145,'fetch',NULL,'2014-12-10 08:44:01','success'),(505,1,145,'move',NULL,'2014-12-10 08:44:01','success'),(506,1,145,'scan',NULL,'2014-12-10 08:44:02','success'),(507,1,145,'resched',NULL,'2014-12-10 08:44:02','success'),(508,1,146,'fetch',NULL,'2014-12-10 08:46:01','success'),(509,1,146,'move',NULL,'2014-12-10 08:46:01','success'),(510,1,146,'scan',NULL,'2014-12-10 08:46:01','success'),(511,1,146,'resched',NULL,'2014-12-10 08:46:01','success'),(512,1,147,'fetch',NULL,'2014-12-10 08:48:01','success'),(513,1,147,'move',NULL,'2014-12-10 08:48:01','success'),(514,1,147,'scan',NULL,'2014-12-10 08:48:01','success'),(515,1,147,'resched',NULL,'2014-12-10 08:48:01','success'),(516,1,148,'fetch',NULL,'2014-12-10 08:50:01','success'),(517,1,148,'move',NULL,'2014-12-10 08:50:01','success'),(518,1,148,'scan',NULL,'2014-12-10 08:50:02','success'),(519,1,148,'resched',NULL,'2014-12-10 08:50:02','success'),(520,1,149,'fetch',NULL,'2014-12-10 08:52:01','success'),(521,1,149,'move',NULL,'2014-12-10 08:52:01','success'),(522,1,149,'scan',NULL,'2014-12-10 08:52:02','success'),(523,1,149,'resched',NULL,'2014-12-10 08:52:02','success'),(524,1,150,'fetch',NULL,'2014-12-10 08:54:01','success'),(525,1,150,'move',NULL,'2014-12-10 08:54:01','success'),(526,1,150,'scan',NULL,'2014-12-10 08:54:01','success'),(527,1,150,'resched',NULL,'2014-12-10 08:54:01','success'),(528,1,151,'fetch',NULL,'2014-12-10 08:56:02','success'),(529,1,151,'move',NULL,'2014-12-10 08:56:02','success'),(530,1,151,'scan',NULL,'2014-12-10 08:56:02','success'),(531,1,151,'resched',NULL,'2014-12-10 08:56:02','success'),(532,1,152,'fetch',NULL,'2014-12-10 08:58:01','success'),(533,1,152,'move',NULL,'2014-12-10 08:58:01','success'),(534,1,152,'scan',NULL,'2014-12-10 08:58:02','success'),(535,1,152,'resched',NULL,'2014-12-10 08:58:02','success'),(536,1,153,'fetch',NULL,'2014-12-10 09:00:01','success'),(537,1,153,'move',NULL,'2014-12-10 09:00:01','success'),(538,1,153,'scan',NULL,'2014-12-10 09:00:02','success'),(539,1,153,'resched',NULL,'2014-12-10 09:00:02','success'),(540,1,154,'fetch',NULL,'2014-12-10 09:02:01','success'),(541,1,154,'move',NULL,'2014-12-10 09:02:01','success'),(542,1,154,'scan',NULL,'2014-12-10 09:02:02','success'),(543,1,154,'resched',NULL,'2014-12-10 09:02:02','success'),(544,1,155,'fetch',NULL,'2014-12-10 09:04:01','success'),(545,1,155,'move',NULL,'2014-12-10 09:04:01','success'),(546,1,155,'scan',NULL,'2014-12-10 09:04:01','success'),(547,1,155,'resched',NULL,'2014-12-10 09:04:01','success'),(548,1,156,'fetch',NULL,'2014-12-10 09:06:02','success'),(549,1,156,'move',NULL,'2014-12-10 09:06:02','success'),(550,1,156,'scan',NULL,'2014-12-10 09:06:02','success'),(551,1,156,'resched',NULL,'2014-12-10 09:06:02','success'),(552,1,157,'fetch',NULL,'2014-12-10 09:08:01','success'),(553,1,157,'move',NULL,'2014-12-10 09:08:01','success'),(554,1,157,'scan',NULL,'2014-12-10 09:08:02','success'),(555,1,157,'resched',NULL,'2014-12-10 09:08:02','success'),(556,1,158,'fetch',NULL,'2014-12-10 09:10:01','success'),(557,1,158,'move',NULL,'2014-12-10 09:10:01','success'),(558,1,158,'scan',NULL,'2014-12-10 09:10:02','success'),(559,1,158,'resched',NULL,'2014-12-10 09:10:02','success'),(560,1,159,'fetch',NULL,'2014-12-10 09:12:01','success'),(561,1,159,'move',NULL,'2014-12-10 09:12:01','success'),(562,1,159,'scan',NULL,'2014-12-10 09:12:01','success'),(563,1,159,'resched',NULL,'2014-12-10 09:12:01','success'),(564,1,160,'fetch',NULL,'2014-12-10 09:14:01','success'),(565,1,160,'move',NULL,'2014-12-10 09:14:01','success'),(566,1,160,'scan',NULL,'2014-12-10 09:14:02','success'),(567,1,160,'resched',NULL,'2014-12-10 09:14:02','success'),(568,1,161,'fetch',NULL,'2014-12-10 09:16:01','success'),(569,1,161,'move',NULL,'2014-12-10 09:16:01','success'),(570,1,161,'scan',NULL,'2014-12-10 09:16:02','success'),(571,1,161,'resched',NULL,'2014-12-10 09:16:02','success'),(572,1,162,'fetch',NULL,'2014-12-10 09:18:01','success'),(573,1,162,'move',NULL,'2014-12-10 09:18:01','success'),(574,1,162,'scan',NULL,'2014-12-10 09:18:01','success'),(575,1,162,'resched',NULL,'2014-12-10 09:18:01','success'),(576,1,163,'fetch',NULL,'2014-12-10 09:20:01','success'),(577,1,163,'move',NULL,'2014-12-10 09:20:01','success'),(578,1,163,'scan',NULL,'2014-12-10 09:20:02','success'),(579,1,163,'resched',NULL,'2014-12-10 09:20:02','success'),(580,1,164,'fetch',NULL,'2014-12-10 09:22:01','success'),(581,1,164,'move',NULL,'2014-12-10 09:22:01','success'),(582,1,164,'scan',NULL,'2014-12-10 09:22:01','success'),(583,1,164,'resched',NULL,'2014-12-10 09:22:01','success'),(584,1,165,'fetch',NULL,'2014-12-10 09:24:01','success'),(585,1,165,'move',NULL,'2014-12-10 09:24:01','success'),(586,1,165,'scan',NULL,'2014-12-10 09:24:02','success'),(587,1,165,'resched',NULL,'2014-12-10 09:24:02','success'),(588,1,166,'fetch',NULL,'2014-12-10 09:26:01','success'),(589,1,166,'move',NULL,'2014-12-10 09:26:01','success'),(590,1,166,'scan',NULL,'2014-12-10 09:26:02','success'),(591,1,166,'resched',NULL,'2014-12-10 09:26:02','success'),(592,1,167,'fetch',NULL,'2014-12-10 09:28:01','success'),(593,1,167,'move',NULL,'2014-12-10 09:28:01','success'),(594,1,167,'scan',NULL,'2014-12-10 09:28:01','success'),(595,1,167,'resched',NULL,'2014-12-10 09:28:01','success'),(596,1,168,'fetch',NULL,'2014-12-10 09:30:01','success'),(597,1,168,'move',NULL,'2014-12-10 09:30:01','success'),(598,1,168,'scan',NULL,'2014-12-10 09:30:02','success'),(599,1,168,'resched',NULL,'2014-12-10 09:30:02','success'),(600,1,169,'fetch',NULL,'2014-12-10 09:32:01','success'),(601,1,169,'move',NULL,'2014-12-10 09:32:01','success'),(602,1,169,'scan',NULL,'2014-12-10 09:32:02','success'),(603,1,169,'resched',NULL,'2014-12-10 09:32:02','success'),(604,1,170,'fetch',NULL,'2014-12-10 09:34:01','success'),(605,1,170,'move',NULL,'2014-12-10 09:34:01','success'),(606,1,170,'scan',NULL,'2014-12-10 09:34:01','success'),(607,1,170,'resched',NULL,'2014-12-10 09:34:01','success'),(608,1,171,'fetch',NULL,'2014-12-10 09:36:01','success'),(609,1,171,'move',NULL,'2014-12-10 09:36:01','success'),(610,1,171,'scan',NULL,'2014-12-10 09:36:02','success'),(611,1,171,'resched',NULL,'2014-12-10 09:36:02','success'),(612,1,172,'fetch',NULL,'2014-12-10 09:38:01','success'),(613,1,172,'move',NULL,'2014-12-10 09:38:01','success'),(614,1,172,'scan',NULL,'2014-12-10 09:38:02','success'),(615,1,172,'resched',NULL,'2014-12-10 09:38:02','success'),(616,1,173,'fetch',NULL,'2014-12-10 09:40:01','success'),(617,1,173,'move',NULL,'2014-12-10 09:40:01','success'),(618,1,173,'scan',NULL,'2014-12-10 09:40:01','success'),(619,1,173,'resched',NULL,'2014-12-10 09:40:01','success'),(620,1,174,'fetch',NULL,'2014-12-10 10:37:02','success'),(621,1,174,'move',NULL,'2014-12-10 10:37:02','success'),(622,1,174,'scan',NULL,'2014-12-10 10:37:02','success'),(623,1,174,'resched',NULL,'2014-12-10 10:37:02','success'),(624,1,175,'fetch',NULL,'2014-12-10 13:37:01','success'),(625,1,175,'move',NULL,'2014-12-10 13:37:01','success'),(626,1,175,'scan',NULL,'2014-12-10 13:37:02','success'),(627,1,175,'resched',NULL,'2014-12-10 13:37:02','success'),(628,1,176,'fetch',NULL,'2014-12-10 14:37:01','success'),(629,1,176,'move',NULL,'2014-12-10 14:37:01','success'),(630,1,176,'scan',NULL,'2014-12-10 14:37:02','success'),(631,1,176,'resched',NULL,'2014-12-10 14:37:02','success'),(632,1,177,'fetch',NULL,'2014-12-10 15:37:01','success'),(633,1,177,'move',NULL,'2014-12-10 15:37:01','success'),(634,1,177,'scan',NULL,'2014-12-10 15:37:01','success'),(635,1,177,'resched',NULL,'2014-12-10 15:37:01','success'),(636,1,178,'fetch',NULL,'2014-12-10 17:37:02','success'),(637,1,178,'move',NULL,'2014-12-10 17:37:02','success'),(638,1,178,'scan',NULL,'2014-12-10 17:37:02','success'),(639,1,178,'resched',NULL,'2014-12-10 17:37:02','success'),(640,1,182,'fetch',NULL,'2014-12-10 22:37:01','success'),(641,1,182,'move',NULL,'2014-12-10 22:37:01','success'),(642,1,182,'scan',NULL,'2014-12-10 22:37:02','success'),(643,1,182,'resched',NULL,'2014-12-10 22:37:02','success'),(644,1,193,'fetch',NULL,'2014-12-11 14:00:01','success'),(645,1,193,'move',NULL,'2014-12-11 14:00:01','success'),(646,1,193,'scan',NULL,'2014-12-11 14:00:01','success'),(647,1,193,'resched',NULL,'2014-12-11 14:00:01','success'),(648,1,213,'fetch',NULL,'2014-12-11 18:10:01','success'),(649,1,213,'move',NULL,'2014-12-11 18:10:01','success'),(650,1,213,'scan',NULL,'2014-12-11 18:10:02','success'),(651,1,213,'resched',NULL,'2014-12-11 18:10:02','success'),(652,1,219,'fetch',NULL,'2014-12-11 23:10:01','success'),(653,1,219,'move',NULL,'2014-12-11 23:10:01','success'),(654,1,219,'scan',NULL,'2014-12-11 23:10:02','success'),(655,1,219,'resched',NULL,'2014-12-11 23:10:02','success'),(656,1,227,'fetch',NULL,'2014-12-12 10:50:01','success'),(657,1,227,'move',NULL,'2014-12-12 10:50:01','success'),(658,1,227,'scan',NULL,'2014-12-12 10:50:02','success'),(659,1,227,'resched',NULL,'2014-12-12 10:50:02','success'),(660,1,241,'fetch',NULL,'2014-12-12 15:00:01','success'),(661,1,241,'move',NULL,'2014-12-12 15:00:01','success'),(662,1,241,'scan',NULL,'2014-12-12 15:00:02','success'),(663,1,241,'resched',NULL,'2014-12-12 15:00:02','success'),(664,1,256,'fetch',NULL,'2014-12-12 19:50:01','success'),(665,1,256,'move',NULL,'2014-12-12 19:50:01','success'),(666,1,256,'scan',NULL,'2014-12-12 19:50:02','success'),(667,1,256,'resched',NULL,'2014-12-12 19:50:02','success'),(668,1,270,'fetch',NULL,'2014-12-13 00:10:01','success'),(669,1,270,'move',NULL,'2014-12-13 00:10:01','success'),(670,1,270,'scan',NULL,'2014-12-13 00:10:02','success'),(671,1,270,'resched',NULL,'2014-12-13 00:10:02','success'),(672,1,274,'fetch',NULL,'2014-12-13 23:40:01','success'),(673,1,274,'move',NULL,'2014-12-13 23:40:01','success'),(674,1,274,'scan',NULL,'2014-12-13 23:40:02','success'),(675,1,274,'resched',NULL,'2014-12-13 23:40:02','success');
/*!40000 ALTER TABLE `repository_log` ENABLE KEYS */;
UNLOCK TABLES;

--
-- Dumping data for table `resource_url`
--

LOCK TABLES `resource_url` WRITE;
/*!40000 ALTER TABLE `resource_url` DISABLE KEYS */;
INSERT INTO `resource_url` (`id`, `report_id`, `url`) VALUES (2711,22,'http://www.smarttutorials.net/demo-facebook-like-button-application-using-php-mysql-jquery-and-ajax/'),(2712,4,'http://betterbusinessforever.com/?p=354'),(2713,13,'http://phppot.com/php/simple-php-shopping-cart/'),(2714,14,'http://phppot.com/jquery/live-username-availability-check-using-php-and-jquery-ajax/'),(2715,23,'http://www.smarttutorials.net/instant-search-with-pagination-in-php-mysql-jquery-and-ajax/'),(2716,23,'http://www.smarttutorials.net/pagination-previous-next-first-and-last-button-using-jqgrid-php-mysql-jquery-and-ajax/'),(2717,15,'http://phppot.com/jquery/jquery-ajax-autocomplete-country-example/'),(2718,16,'http://phppot.com/jquery/facebook-style-like-unlike-using-php-jquery/'),(2719,2,'http://www.webinfopedia.com/php-secure-login-script.html'),(2720,11,'http://phppot.com/php/php-crud-with-search-and-pagination/'),(2721,17,'http://phppot.com/jquery/ajax-add-edit-delete-records-in-database-using-php-and-jquery/'),(2722,12,'http://phppot.com/php/php-crud-with-search-and-pagination-using-jquery-ajax/'),(2723,18,'http://phppot.com/jquery/using-jqgrid-control-with-php/'),(2724,24,'http://www.smarttutorials.net/responsive-quiz-application-using-php-mysql-jquery-ajax-and-twitter-bootstrap/'),(2725,19,'http://phppot.com/jquery/dynamic-star-rating-with-php-and-jquery/'),(2726,20,'http://phppot.com/jquery/dynamic-content-load-using-jquery-ajax/'),(2727,6,'http://vimeo.com/108934852'),(2728,6,'http://www.onlinetuting.com/create-login-script-in-php/'),(2729,1,'http://www.siteground.com/tutorials/php-mysql/display_table_data.htm'),(2730,5,'http://www.amitpatil.me/youtube-like-rating-script-jquery-php/'),(2731,25,'http://www.smarttutorials.net/jquery-autocomplete-multiple-fields-using-ajax-php-mysql-example/'),(2732,25,'http://www.smarttutorials.net/jquery-autocomplete-search-using-php-mysql-and-ajax/'),(2733,8,'http://www.tutorialspoint.com/php/php_and_mysql.htm'),(2734,10,'http://www.tutorialspoint.com/android/android_php_mysql.htm'),(2735,7,'http://www.learn2crack.com/2013/08/develop-android-login-registration-with-php-mysql.html/4'),(2736,21,'http://phppot.com/jquery/php-voting-system-with-jquery-ajax/'),(2737,9,'http://www.webinfopedia.com/registration-form-in-php.html'),(2738,3,'http://www.techrepublic.com/article/implement-mysql-based-transactions-with-a-new-set-of-php-extensions/'),(2739,26,'http://www.iluv2code.com/login-with-codeigniter-php.html');
/*!40000 ALTER TABLE `resource_url` ENABLE KEYS */;
UNLOCK TABLES;

--
-- Dumping data for table `run`
--

LOCK TABLES `run` WRITE;
/*!40000 ALTER TABLE `run` DISABLE KEYS */;
INSERT INTO `run` (`id`, `created_at`) VALUES (1,'2014-12-01 21:32:02'),(2,'2014-12-02 21:04:35'),(3,'2014-12-02 21:05:26'),(4,'2014-12-02 21:30:26'),(5,'2014-12-02 21:30:55'),(6,'2014-12-02 21:37:43'),(7,'2014-12-02 21:38:13'),(8,'2014-12-02 23:09:40'),(9,'2014-12-02 23:10:02'),(10,'2014-12-02 23:10:19'),(11,'2014-12-02 23:29:58'),(12,'2014-12-02 23:30:26'),(13,'2014-12-03 10:10:29'),(14,'2014-12-03 10:11:09'),(15,'2014-12-03 10:11:29'),(16,'2014-12-03 10:11:39'),(17,'2014-12-03 10:12:36'),(18,'2014-12-03 10:16:48'),(19,'2014-12-03 10:22:02'),(20,'2014-12-03 12:54:45'),(21,'2014-12-03 13:05:41'),(22,'2014-12-03 13:12:17'),(23,'2014-12-03 13:13:02'),(24,'2014-12-03 13:15:17'),(25,'2014-12-03 13:17:25'),(26,'2014-12-03 13:25:54'),(27,'2014-12-03 13:26:35'),(28,'2014-12-03 13:44:45'),(29,'2014-12-03 13:45:25'),(30,'2014-12-03 16:53:01'),(31,'2014-12-03 17:00:04'),(32,'2014-12-03 17:00:41'),(33,'2014-12-03 17:04:13'),(34,'2014-12-03 17:06:46'),(35,'2014-12-03 19:56:37'),(36,'2014-12-03 20:00:37'),(37,'2014-12-03 22:57:02'),(38,'2014-12-03 22:59:32'),(39,'2014-12-04 22:42:57'),(40,'2014-12-09 17:42:43'),(41,'2014-12-09 18:37:02'),(42,'2014-12-09 19:37:01'),(43,'2014-12-09 20:25:02'),(44,'2014-12-09 20:30:37'),(45,'2014-12-09 20:35:01'),(46,'2014-12-09 20:40:02'),(47,'2014-12-09 20:41:33'),(48,'2014-12-09 20:41:53'),(49,'2014-12-09 20:42:39'),(50,'2014-12-09 20:45:01'),(51,'2014-12-09 20:50:01'),(52,'2014-12-09 20:55:01'),(53,'2014-12-09 21:00:01'),(54,'2014-12-09 21:05:01'),(55,'2014-12-09 21:10:01'),(56,'2014-12-09 21:15:01'),(57,'2014-12-09 21:20:01'),(58,'2014-12-09 21:25:01'),(59,'2014-12-09 21:30:01'),(60,'2014-12-09 21:35:01'),(61,'2014-12-09 21:40:01'),(62,'2014-12-09 21:45:01'),(63,'2014-12-09 21:50:01'),(64,'2014-12-09 21:55:01'),(65,'2014-12-09 22:00:01'),(66,'2014-12-09 22:05:02'),(67,'2014-12-09 22:10:01'),(68,'2014-12-09 22:15:01'),(69,'2014-12-09 22:20:01'),(70,'2014-12-09 22:25:01'),(71,'2014-12-09 22:30:01'),(72,'2014-12-09 22:35:01'),(73,'2014-12-09 22:40:01'),(74,'2014-12-09 22:45:01'),(75,'2014-12-09 22:48:01'),(76,'2014-12-09 22:51:01'),(77,'2014-12-09 22:54:01'),(78,'2014-12-09 22:57:01'),(79,'2014-12-09 23:00:01'),(80,'2014-12-09 23:03:01'),(81,'2014-12-09 23:06:01'),(82,'2014-12-09 23:09:01'),(83,'2014-12-09 23:12:01'),(84,'2014-12-09 23:15:01'),(85,'2014-12-09 23:18:01'),(86,'2014-12-09 23:21:01'),(87,'2014-12-09 23:24:01'),(88,'2014-12-09 23:27:01'),(89,'2014-12-09 23:30:01'),(90,'2014-12-09 23:32:01'),(91,'2014-12-09 23:34:01'),(92,'2014-12-09 23:36:01'),(93,'2014-12-09 23:38:01'),(94,'2014-12-09 23:40:01'),(95,'2014-12-09 23:42:01'),(96,'2014-12-09 23:44:01'),(97,'2014-12-09 23:46:01'),(98,'2014-12-09 23:48:01'),(99,'2014-12-09 23:50:01'),(100,'2014-12-09 23:52:01'),(101,'2014-12-09 23:54:01'),(102,'2014-12-09 23:56:01'),(103,'2014-12-09 23:58:01'),(104,'2014-12-10 00:00:01'),(105,'2014-12-10 00:02:01'),(106,'2014-12-10 00:04:01'),(107,'2014-12-10 00:06:02'),(108,'2014-12-10 00:08:01'),(109,'2014-12-10 00:10:01'),(110,'2014-12-10 00:12:02'),(111,'2014-12-10 00:14:01'),(112,'2014-12-10 00:16:01'),(113,'2014-12-10 00:18:01'),(114,'2014-12-10 00:20:01'),(115,'2014-12-10 00:22:01'),(116,'2014-12-10 00:24:01'),(117,'2014-12-10 00:26:01'),(118,'2014-12-10 00:28:01'),(119,'2014-12-10 00:30:01'),(120,'2014-12-10 00:32:01'),(121,'2014-12-10 00:34:01'),(122,'2014-12-10 00:36:01'),(123,'2014-12-10 00:38:01'),(124,'2014-12-10 00:40:01'),(125,'2014-12-10 00:42:01'),(126,'2014-12-10 00:44:01'),(127,'2014-12-10 00:46:01'),(128,'2014-12-10 00:48:01'),(129,'2014-12-10 00:50:01'),(130,'2014-12-10 00:52:02'),(131,'2014-12-10 00:54:01'),(132,'2014-12-10 00:56:01'),(133,'2014-12-10 00:58:01'),(134,'2014-12-10 01:00:01'),(135,'2014-12-10 01:02:01'),(136,'2014-12-10 01:04:01'),(137,'2014-12-10 08:28:05'),(138,'2014-12-10 08:30:01'),(139,'2014-12-10 08:32:01'),(140,'2014-12-10 08:34:02'),(141,'2014-12-10 08:36:01'),(142,'2014-12-10 08:38:01'),(143,'2014-12-10 08:40:01'),(144,'2014-12-10 08:42:01'),(145,'2014-12-10 08:44:01'),(146,'2014-12-10 08:46:01'),(147,'2014-12-10 08:48:01'),(148,'2014-12-10 08:50:01'),(149,'2014-12-10 08:52:01'),(150,'2014-12-10 08:54:01'),(151,'2014-12-10 08:56:01'),(152,'2014-12-10 08:58:01'),(153,'2014-12-10 09:00:01'),(154,'2014-12-10 09:02:01'),(155,'2014-12-10 09:04:01'),(156,'2014-12-10 09:06:01'),(157,'2014-12-10 09:08:01'),(158,'2014-12-10 09:10:01'),(159,'2014-12-10 09:12:01'),(160,'2014-12-10 09:14:01'),(161,'2014-12-10 09:16:01'),(162,'2014-12-10 09:18:01'),(163,'2014-12-10 09:20:01'),(164,'2014-12-10 09:22:01'),(165,'2014-12-10 09:24:01'),(166,'2014-12-10 09:26:01'),(167,'2014-12-10 09:28:01'),(168,'2014-12-10 09:30:01'),(169,'2014-12-10 09:32:01'),(170,'2014-12-10 09:34:01'),(171,'2014-12-10 09:36:01'),(172,'2014-12-10 09:38:01'),(173,'2014-12-10 09:40:01'),(174,'2014-12-10 10:37:01'),(175,'2014-12-10 13:37:01'),(176,'2014-12-10 14:37:01'),(177,'2014-12-10 15:37:01'),(178,'2014-12-10 17:37:01'),(179,'2014-12-10 18:37:01'),(180,'2014-12-10 20:37:02'),(181,'2014-12-10 21:37:01'),(182,'2014-12-10 22:37:01'),(183,'2014-12-10 23:37:01'),(184,'2014-12-11 00:10:01'),(185,'2014-12-11 00:20:01'),(186,'2014-12-11 00:30:01'),(187,'2014-12-11 00:40:01'),(188,'2014-12-11 00:50:01'),(189,'2014-12-11 01:00:02'),(190,'2014-12-11 01:10:01'),(191,'2014-12-11 01:20:01'),(192,'2014-12-11 01:30:01'),(193,'2014-12-11 14:00:01'),(194,'2014-12-11 14:10:02'),(195,'2014-12-11 14:20:01'),(196,'2014-12-11 14:30:01'),(197,'2014-12-11 14:40:01'),(198,'2014-12-11 14:50:01'),(199,'2014-12-11 15:00:01'),(200,'2014-12-11 15:10:02'),(201,'2014-12-11 15:20:01'),(202,'2014-12-11 15:30:01'),(203,'2014-12-11 15:40:01'),(204,'2014-12-11 15:50:01'),(205,'2014-12-11 16:50:01'),(206,'2014-12-11 17:00:01'),(207,'2014-12-11 17:10:01'),(208,'2014-12-11 17:20:01'),(209,'2014-12-11 17:30:02'),(210,'2014-12-11 17:40:01'),(211,'2014-12-11 17:50:01'),(212,'2014-12-11 18:00:01'),(213,'2014-12-11 18:10:01'),(214,'2014-12-11 18:20:01'),(215,'2014-12-11 18:30:02'),(216,'2014-12-11 18:40:01'),(217,'2014-12-11 18:50:01'),(218,'2014-12-11 19:00:01'),(219,'2014-12-11 23:10:01'),(220,'2014-12-11 23:20:01'),(221,'2014-12-11 23:30:01'),(222,'2014-12-11 23:40:01'),(223,'2014-12-11 23:50:02'),(224,'2014-12-12 00:00:01'),(225,'2014-12-12 00:10:01'),(226,'2014-12-12 00:20:01'),(227,'2014-12-12 10:50:01'),(228,'2014-12-12 11:00:01'),(229,'2014-12-12 11:10:01'),(230,'2014-12-12 11:20:01'),(231,'2014-12-12 11:30:01'),(232,'2014-12-12 11:40:01'),(233,'2014-12-12 11:50:01'),(234,'2014-12-12 12:00:01'),(235,'2014-12-12 12:10:01'),(236,'2014-12-12 12:20:02'),(237,'2014-12-12 12:30:01'),(238,'2014-12-12 12:40:01'),(239,'2014-12-12 12:50:01'),(240,'2014-12-12 13:00:01'),(241,'2014-12-12 15:00:01'),(242,'2014-12-12 15:10:01'),(243,'2014-12-12 15:20:01'),(244,'2014-12-12 15:30:01'),(245,'2014-12-12 15:40:01'),(246,'2014-12-12 15:50:01'),(247,'2014-12-12 16:00:02'),(248,'2014-12-12 16:10:01'),(249,'2014-12-12 16:50:02'),(250,'2014-12-12 17:00:01'),(251,'2014-12-12 17:10:01'),(252,'2014-12-12 17:20:01'),(253,'2014-12-12 17:30:01'),(254,'2014-12-12 17:40:01'),(255,'2014-12-12 17:50:01'),(256,'2014-12-12 19:50:01'),(257,'2014-12-12 20:00:01'),(258,'2014-12-12 20:10:01'),(259,'2014-12-12 20:20:01'),(260,'2014-12-12 20:30:01'),(261,'2014-12-12 20:40:01'),(262,'2014-12-12 20:50:01'),(263,'2014-12-12 21:00:01'),(264,'2014-12-12 21:10:01'),(265,'2014-12-12 21:20:01'),(266,'2014-12-12 21:30:01'),(267,'2014-12-12 21:40:01'),(268,'2014-12-12 21:50:01'),(269,'2014-12-12 22:00:01'),(270,'2014-12-13 00:10:01'),(271,'2014-12-13 00:20:01'),(272,'2014-12-13 00:30:01'),(273,'2014-12-13 00:40:01'),(274,'2014-12-13 23:40:01'),(275,'2014-12-13 23:50:01'),(276,'2014-12-14 00:00:01'),(277,'2014-12-14 00:10:01');
/*!40000 ALTER TABLE `run` ENABLE KEYS */;
UNLOCK TABLES;
/*!40103 SET TIME_ZONE=@OLD_TIME_ZONE */;

/*!40101 SET SQL_MODE=@OLD_SQL_MODE */;
/*!40014 SET FOREIGN_KEY_CHECKS=@OLD_FOREIGN_KEY_CHECKS */;
/*!40014 SET UNIQUE_CHECKS=@OLD_UNIQUE_CHECKS */;
/*!40101 SET CHARACTER_SET_CLIENT=@OLD_CHARACTER_SET_CLIENT */;
/*!40101 SET CHARACTER_SET_RESULTS=@OLD_CHARACTER_SET_RESULTS */;
/*!40101 SET COLLATION_CONNECTION=@OLD_COLLATION_CONNECTION */;
/*!40111 SET SQL_NOTES=@OLD_SQL_NOTES */;

-- Dump completed on 2014-12-15  0:08:20
